"id_del_cliente","nombre_del_cliente","segmento"
"AA-11080","Alina Armijo","Cliente"
"AA-11515","Arteuro Anguiano","Cliente"
"AA-13015","Alicia Abrego","Cliente"
"AA-13405","Alejandra Alcaraz","Cliente"
"AA-13555","Asís Aguilera","Empresa"
"AA-14815","Alina Anaya","Pequeña empresa"
"AA-18580","Adán Atencio","Empresa"
"AA-20005","Alonso Arévalo","Cliente"
"AA-20095","Andrés Arellano","Cliente"
"AB-11845","Aníbal Barragán","Empresa"
"AB-12865","Adolfo Baca","Cliente"
"AB-13270","Adela Blanco","Pequeña empresa"
"AB-13285","Adolfo Barraza","Cliente"
"AB-13795","Alexia Bonilla","Pequeña empresa"
"AB-16075","Alejandra Banda","Cliente"
"AB-16765","Alfredo Barajas","Cliente"
"AB-16795","Antonia Baeza","Pequeña empresa"
"AB-18880","Ana Borrego","Cliente"
"AB-20425","Amaia Briseño","Pequeña empresa"
"AB-20470","Astrid Briseño","Cliente"
"AB-20800","Anselmo Batista","Cliente"
"AC-10060","Anabel Caraballo","Pequeña empresa"
"AC-14125","Abraham Cedillo","Pequeña empresa"
"AC-17140","Alina Casillas","Cliente"
"AC-19645","Amadeo Collado","Empresa"
"AC-20905","Alan Cadena","Cliente"
"AC-20980","Adelina Castaneda","Empresa"
"AD-15340","Alejandra Duarte","Cliente"
"AD-19120","Anastasia Dávila","Cliente"
"AE-10270","Anya Espinoza","Cliente"
"AE-13435","Anacleto Espinal","Cliente"
"AE-18775","Araceli Echevarría","Pequeña empresa"
"AE-20530","Ares Espinosa","Cliente"
"AF-12745","Abril Ferrer","Empresa"
"AF-20605","Adela Feliciano","Cliente"
"AG-11125","Atila Godoy","Pequeña empresa"
"AG-11455","Aisa Guardado","Pequeña empresa"
"AG-11560","Alexia Garza","Pequeña empresa"
"AG-13090","Ania Gámez","Cliente"
"AG-13630","Anselmo Guardado","Cliente"
"AG-15760","Adrián Gálvez","Pequeña empresa"
"AG-19180","Amalia García","Pequeña empresa"
"AG-20080","Antonia Gallardo","Cliente"
"AH-21865","Ariadna Hernández","Cliente"
"AJ-11110","Alina Jasón","Empresa"
"AJ-17320","Amador Jasón","Pequeña empresa"
"AJ-21655","Angélica Jáquez","Cliente"
"AL-10750","Adolfo Lira","Cliente"
"AL-10960","Ane Lomeli","Cliente"
"AL-13645","Amanda Limón","Cliente"
"AL-16960","Antonio Lerma","Pequeña empresa"
"AL-17395","Anya Leyva","Empresa"
"AL-21190","Alejo Lugo","Pequeña empresa"
"AM-13000","Araceli Manzanares","Cliente"
"AM-19420","Alberto Márquez","Empresa"
"AM-19690","Alejo Mondragón","Cliente"
"AM-20545","Arán Maya","Empresa"
"AM-20695","Armando Medina","Empresa"
"AN-12355","Agustín Negrete","Cliente"
"AN-15415","Aarón Navarrete","Cliente"
"AO-16735","Amalia Osorio","Cliente"
"AO-20050","Adolfo Ojeda","Pequeña empresa"
"AO-20965","Augusto Olivares","Empresa"
"AP-10810","Aureliano Pizarro","Empresa"
"AP-12565","Aniceto Pérez","Cliente"
"AP-12925","Alicia Pizarro","Cliente"
"AP-14770","Alan Pérez","Pequeña empresa"
"AP-16045","Alexis Ponce","Pequeña empresa"
"AP-17890","Avelino Pedroza","Pequeña empresa"
"AP-19255","Ara Puente","Empresa"
"AP-20830","Aniceto Puertas","Cliente"
"AQ-11485","Andrés Quintero","Pequeña empresa"
"AR-10570","Ubaldo Ávalos","Cliente"
"AR-11995","Amadeo Rocha","Cliente"
"AR-12010","Alejandra Reina","Cliente"
"AR-13360","Antonio Rubio","Pequeña empresa"
"AR-13525","Arteuro Rocarte","Empresa"
"AR-14545","Alfonso Raya","Empresa"
"AR-15010","Adriano Rolón","Empresa"
"AR-15055","Azucena Rodríguez","Cliente"
"AR-15430","Antonio Rocha","Cliente"
"AR-16720","Anastasia Rosales","Cliente"
"AR-17485","Adriana Rocha","Cliente"
"AR-18370","Amalia Ríos","Cliente"
"AR-19225","Atila Riojas","Cliente"
"AS-12025","Armando Sánchez","Cliente"
"AS-14695","Ariadna Salcedo","Empresa"
"AS-18745","Ainhoa Saavedra","Empresa"
"AS-19990","América Santiago","Cliente"
"AS-20665","Asunción Soto","Pequeña empresa"
"AS-21580","Anacleto Santana","Cliente"
"AT-11920","Albertina Tamayo","Cliente"
"AT-12280","Aurelio Torres","Cliente"
"AT-12580","Aurelio Torres","Pequeña empresa"
"AT-17545","Adriana Téllez","Pequeña empresa"
"AT-18025","Aniceto Toledo","Cliente"
"AT-18085","Alejandro Trejo","Cliente"
"AU-17770","Aria Urbina","Cliente"
"AV-10285","Adrián Valentín","Empresa"
"AV-10525","Aída Vélez","Empresa"
"AV-10645","Amadeo Villareal","Cliente"
"AV-13315","Amelia Vega","Cliente"
"AV-14335","Astrid Vega","Empresa"
"AV-15490","Adán Vera","Cliente"
"AV-21295","Ari Verduzco","Cliente"
"AY-17440","Asunción Ybarra","Empresa"
"AZ-19495","Anselmo Zambrano","Cliente"
"BA-10330","Bruna Almonte","Cliente"
"BA-10735","Benito Armenteros","Cliente"
"BA-11635","Bianca Arreola","Cliente"
"BA-20185","Blas Alba","Cliente"
"BC-10825","Beltrán Comino","Empresa"
"BC-12400","Buenaventura Caldera","Pequeña empresa"
"BC-16210","Bartolomé Camacho","Empresa"
"BC-19075","Bautista Camarillo","Cliente"
"BC-19930","Blanca Carrasco","Cliente"
"BE-19540","Bautista Espino","Empresa"
"BF-21340","Bibiana Ferro","Cliente"
"BH-16570","Baudilia Hurtado","Cliente"
"BH-18190","Begoña Hinojosa","Cliente"
"BH-20380","Berta Herrera","Cliente"
"BJ-13345","Bernardo Jáquez","Empresa"
"BL-14560","Bastián Luján","Empresa"
"BL-17995","Baltasar Luján","Pequeña empresa"
"BL-20410","Baudilio Lozada","Cliente"
"BM-14440","Benito Marcos","Cliente"
"BO-16285","Bernardina Olmos","Pequeña empresa"
"BP-10555","Bárbara Portillo","Empresa"
"BP-11440","Benita Pelayo","Cliente"
"BP-21235","Bautista Porras","Empresa"
"BR-11860","Bernardo Rosas","Cliente"
"BR-12955","Brígida Rolón","Empresa"
"BR-13300","Bartolomé Rosales","Empresa"
"BR-17260","Basilio Ruiz","Cliente"
"BS-11365","Álvaro Muñoz","Empresa"
"BS-18685","Baltasar Santillán","Pequeña empresa"
"BS-19150","Betsabé Saldaña","Cliente"
"BS-19195","Benjamín Saavedra","Pequeña empresa"
"BS-21730","Brígida Sierra","Pequeña empresa"
"BT-14260","Baltasar Téllez","Pequeña empresa"
"BU-11815","Benito Urrutia","Empresa"
"CA-10630","Claudio Aguilar","Pequeña empresa"
"CA-11695","Carina Almaraz","Empresa"
"CA-12100","Camelia Almanza","Pequeña empresa"
"CA-13915","Camilo Almaraz","Cliente"
"CA-14350","Cayetano Aparicio","Cliente"
"CA-15850","Claudia Aguilar","Cliente"
"CB-12625","César Benítez","Pequeña empresa"
"CB-14920","Claudio Bañuelos","Cliente"
"CB-17050","Ciro Becerra","Cliente"
"CB-17290","Crístofer Barraza","Pequeña empresa"
"CC-10840","Cecilia Cervantes","Cliente"
"CC-14215","Concordia Cuéllar","Empresa"
"CC-14275","Clotilde Carrillo","Empresa"
"CC-16675","Carla Canales","Empresa"
"CC-16690","Cándida Celaya","Empresa"
"CC-20755","Crístofer Cabrera","Empresa"
"CD-10765","Conchi Durán","Pequeña empresa"
"CD-11980","Íñigo Leal","Cliente"
"CD-14965","Corina Dueñas","Empresa"
"CD-16435","Cándido Dávila","Cliente"
"CE-17080","Cintia Escobar","Cliente"
"CF-11755","Cristóbal Figueroa","Cliente"
"CF-17410","Cristian Ferro","Cliente"
"CG-11005","Claudio García","Pequeña empresa"
"CG-12310","César Gallardo","Empresa"
"CG-15190","Circe Grijalva","Cliente"
"CG-19240","Claudio Gil","Cliente"
"CG-20305","Cristo Gámez","Cliente"
"CL-13255","Cipriano Lucero","Pequeña empresa"
"CL-13885","Clementino Leiva","Pequeña empresa"
"CL-18865","Camilo Laderas","Cliente"
"CL-21745","Cintio Luján","Empresa"
"CM-10195","Casimira Marín","Empresa"
"CM-11740","Clemencia Mendoza","Cliente"
"CM-12190","Abel Ángel","Cliente"
"CM-15445","Cruz Muñoz","Cliente"
"CM-16630","Casandra Mateo","Empresa"
"CM-16750","Celso Meza","Cliente"
"CM-18970","Carlos Marrero","Pequeña empresa"
"CM-19270","Cornelio Marín","Empresa"
"CM-19675","Crístofer Mayo","Pequeña empresa"
"CO-11710","Cira Ornelas","Cliente"
"CO-12715","Cosme Ojeda","Empresa"
"CO-17470","Carmelo Ortega","Pequeña empresa"
"CO-20950","Coralía Olivas","Empresa"
"CP-17155","Constantino Padilla","Cliente"
"CQ-20890","Conrado Quiñones","Empresa"
"CR-11875","Cristóbal Roque","Empresa"
"CR-14620","Cirilo Rosario","Empresa"
"CR-19585","Cornelio Reina","Cliente"
"CS-11320","Constantina Sepúlveda","Cliente"
"CS-12325","Cintia Salgado","Pequeña empresa"
"CS-12415","Cora Sánchez","Cliente"
"CS-12490","Ángeles Ornelas","Empresa"
"CS-13165","Cesar Sedillo","Cliente"
"CS-19390","Celia Salgado","Cliente"
"CS-21550","Cornelio Sauceda","Pequeña empresa"
"CT-19560","Cecilia Tejada","Empresa"
"CV-11770","Cristina Vázquez","Cliente"
"CV-15655","Carina Verdes","Empresa"
"CV-16330","Casimira Villegas","Empresa"
"CV-17230","Cristina Vergara","Cliente"
"CV-18100","Carmín Vera","Cliente"
"CV-19945","Clarisa Valle","Cliente"
"CV-21805","Cornelio Vázquez","Empresa"
"DA-13540","Diego Avilés","Cliente"
"DA-16900","Dimitri Arcones","Cliente"
"DA-21100","Dánae Abrego","Cliente"
"DA-21610","Diana Aguirre","Cliente"
"DB-12550","Domingo Barrios","Cliente"
"DB-13750","Darío Briones","Empresa"
"DB-14185","Dulce Beltrán","Cliente"
"DB-20860","Daniel Barrientos","Empresa"
"DC-11215","Donatella Casas","Pequeña empresa"
"DC-11260","Débora Ceja","Cliente"
"DC-13225","Débora Cabrera","Empresa"
"DC-14290","David Caraballo","Pequeña empresa"
"DC-16660","Dafne Canales","Cliente"
"DC-16870","Dora Cintas","Cliente"
"DC-17530","Dina Cazares","Cliente"
"DC-17590","Dino Ceballos","Empresa"
"DC-17860","David Cordero","Empresa"
"DC-20200","Dalma Comejo","Cliente"
"DG-12850","Diana García","Cliente"
"DG-20335","Damiana Guardado","Cliente"
"DJ-17365","Domingo Jaime","Cliente"
"DL-16480","Dánae Lebrón","Cliente"
"DM-13060","Dora Morales","Cliente"
"DM-16840","Delia Miramontes","Cliente"
"DP-13105","León Ávila","Empresa"
"DP-16990","Daniel Pabón","Empresa"
"DR-21325","Domingo Rivero","Cliente"
"DS-13120","Diana Serna","Empresa"
"DS-15865","Dafne Sedillo","Cliente"
"DS-16030","Dino Saucedo","Cliente"
"DS-18595","Dana Sandoval","Pequeña empresa"
"DS-18895","Daniel Santillán","Cliente"
"DT-10075","Domingo Torres","Empresa"
"DT-17110","Daniel Tovar","Cliente"
"DT-18940","Dorotea Treviño","Cliente"
"DT-19855","Dolores Treviño","Empresa"
"DV-14590","Daniela Vélez","Empresa"
"DV-20440","Darío Vallejo","Empresa"
"DV-21790","Dora Villaseñor","Cliente"
"EA-12070","Eugenio Aranda","Pequeña empresa"
"EA-12115","Elena Argüello","Cliente"
"EA-12535","Emanuel Almaraz","Empresa"
"EA-14035","Eloy Alcántara","Empresa"
"EA-16135","Elisenda Aguilar","Pequeña empresa"
"EA-18295","Ezequiel Acevedo","Empresa"
"EA-19435","Estela Alonso","Cliente"
"EB-15670","Eugenia Burgos","Cliente"
"EB-20815","Emilia Becerra","Empresa"
"EC-12370","Edith Callas","Cliente"
"EC-12700","Eleonor Carranza","Pequeña empresa"
"EC-13045","Estefanía Castelo","Empresa"
"EC-15940","Evaristo Corona","Pequeña empresa"
"EC-16495","Efraín Collazo","Empresa"
"EC-16540","Elisa Collazo","Cliente"
"EC-17305","Ernestina Cepeda","Cliente"
"EC-19750","Ester Cisneros","Cliente"
"EC-21505","Ernesto Cervantes","Cliente"
"EC-21820","Eusebio Cano","Cliente"
"ED-13570","Eleonora Delgadillo","Cliente"
"ED-16000","Elba Durán","Cliente"
"EG-14170","Eulalio García","Cliente"
"EG-16315","Edith González","Cliente"
"EG-17020","Elías Guerrero","Cliente"
"EH-13945","Irene Álamo","Cliente"
"EH-15685","Emilio Huertas","Empresa"
"EL-13420","Ernesto León","Empresa"
"EL-19570","Eva Lara","Cliente"
"EM-10225","Emanuel Mesa","Empresa"
"EM-10540","Eduardo Méndez","Cliente"
"EM-14470","Elsa Mújica","Cliente"
"EM-17380","Esmeralda Montenegro","Empresa"
"EM-20020","Elías Macías","Cliente"
"EM-20920","Esperanza Mesa","Cliente"
"EM-21415","Eulalia Márquez","Cliente"
"EN-14155","Elvira Nieves","Cliente"
"EN-18010","Emilio Noriega","Empresa"
"EO-19870","Estefanía Ortiz","Pequeña empresa"
"EO-21520","Edith Ojeda","Cliente"
"EP-12055","Evaristo Pérez","Pequeña empresa"
"EP-15230","Elena Padrón","Cliente"
"EP-16780","Eleonor Pina","Empresa"
"ER-10795","Eulalia Rolón","Empresa"
"ER-13840","Eugenio Rentería","Empresa"
"ER-15235","Eric Ruiz","Cliente"
"ER-16525","Enric Ruiz","Cliente"
"ES-10300","Emanuel Saucedo","Empresa"
"ES-15130","Eulalia Sánchez","Cliente"
"ES-16885","Eloísa Soto","Cliente"
"ES-19840","Emiliana Serna","Cliente"
"ES-21025","Eduardo Sierra","Pequeña empresa"
"ET-17335","Emilio Tejeda","Pequeña empresa"
"EV-12040","Esteban Velázquez","Pequeña empresa"
"EV-18430","Enrique Varela","Cliente"
"FA-14875","Flora Armijo","Pequeña empresa"
"FA-19285","Francisco Alonso","Cliente"
"FA-21715","Florencio Anguiano","Pequeña empresa"
"FB-10510","Fidel Badillo","Cliente"
"FB-11905","Flavia Bravo","Pequeña empresa"
"FB-17710","Fuensanta Barrios","Cliente"
"FB-18115","Froilán Barrera","Pequeña empresa"
"FC-15280","Faustina Carrera","Cliente"
"FC-19300","Federico Carballo","Cliente"
"FC-21115","Federico Callas","Empresa"
"FF-17920","Fidel Ferrer","Cliente"
"FG-11410","Federico García","Cliente"
"FG-21910","Faustina Garrido","Cliente"
"FH-12970","Faustina Huerta","Empresa"
"FJ-14575","Fernanda Juárez","Cliente"
"FL-13450","Fernando Limón","Pequeña empresa"
"FL-21880","Francisco Loera","Empresa"
"FM-10360","Felicia Montañez","Empresa"
"FM-10585","Francisco Molina","Cliente"
"FM-13180","Flora Montes","Empresa"
"FM-15625","Florida Mascarenas","Cliente"
"FM-21175","Félix Mendoza","Empresa"
"FN-13215","Florinda Negrón","Empresa"
"FO-10345","Felipe Olivera","Empresa"
"FO-14710","Felipe Oquendo","Cliente"
"FP-18235","Fátima Pina","Empresa"
"FP-18730","Flavia Pelayo","Cliente"
"FT-13615","Fito Trujillo","Cliente"
"FT-21220","Florencia Terán","Cliente"
"FV-10375","Flavio Vergara","Cliente"
"FV-13210","Flavia Valles","Cliente"
"FV-18280","Felipe Vélez","Empresa"
"GA-12205","Germán Altamira","Cliente"
"GA-14980","Gema Acosta","Cliente"
"GA-15970","Germán Armijo","Cliente"
"GA-16240","Gerardo Almonta","Empresa"
"GA-16405","Goratze Almaraz","Pequeña empresa"
"GA-17275","Gregorio Acuna","Cliente"
"GB-14110","Grecia Batista","Cliente"
"GB-18145","Gabriela Barca","Cliente"
"GB-21625","Gabriela Bustamante","Cliente"
"GC-10255","Gerardo Carrillo","Pequeña empresa"
"GC-17350","Genoveva Contreras","Cliente"
"GC-18550","Gracia Collado","Cliente"
"GC-19210","Gloria Carrera","Empresa"
"GC-21205","Gregorio Cuéllar","Empresa"
"GC-21895","Guiomar Cuellar","Empresa"
"GD-15580","Gaspar Dávila","Cliente"
"GD-15700","Gaspar Dávila","Cliente"
"GD-21250","Gustavo Dávila","Cliente"
"GF-12295","Gustavo Farías","Cliente"
"GF-12475","Guillermina Farías","Cliente"
"GG-18220","Gabriela Guerrero","Cliente"
"GG-19960","Gloria Girón","Cliente"
"GI-19735","Gorka Irizarri","Cliente"
"GJ-10450","Gladis Juárez","Cliente"
"GL-19450","Guillermina Lebrón","Cliente"
"GM-13075","Gisela Maya","Empresa"
"GM-14455","Ágata Alonso","Pequeña empresa"
"GO-10420","Gracias Olivera","Empresa"
"GO-12610","Gema Olivera","Empresa"
"GO-18055","Gabriel Osorio","Cliente"
"GT-14860","Gustavo Trejo","Empresa"
"GT-21055","Gregoria Tristán","Cliente"
"GV-11020","Germán Vallejo","Empresa"
"GV-12385","Gerardo Viera","Cliente"
"GV-16270","Guido Varela","Cliente"
"GZ-15265","Gerardo Zaragoza","Empresa"
"HA-14065","Heidi Anaya","Cliente"
"HA-14950","Higinio Anguiano","Cliente"
"HA-19165","Horacio Armendáriz","Cliente"
"HB-19510","Hernando Baeza","Pequeña empresa"
"HC-11890","Heraldo Cadena","Cliente"
"HC-14245","Humberto Chavarría","Pequeña empresa"
"HC-15160","Hernán Canales","Cliente"
"HC-16360","Hilda Contreras","Cliente"
"HC-17950","Higinia Concepción","Cliente"
"HC-18205","Hernán Callas","Empresa"
"HC-18325","Humberto Cepeda","Cliente"
"HD-14380","Herminio Díaz","Cliente"
"HE-11155","Homero Elizondo","Cliente"
"HE-20875","Herminia Enríquez","Cliente"
"HE-21760","Humberto Espinal","Empresa"
"HF-15910","Hipólito Fuentes","Cliente"
"HG-13960","Hugo Gámez","Cliente"
"HH-12130","Higinia Horta","Cliente"
"HL-18835","Helena Llarnas","Empresa"
"HM-18910","Humberto Montalvo","Pequeña empresa"
"HM-20110","Hugo Maldonado","Cliente"
"HN-11245","Horacio Nino","Empresa"
"HO-12460","Higinio Ojeda","Cliente"
"HO-12540","Higinio Ojeda","Cliente"
"HO-14410","Heriberto Ortega","Pequeña empresa"
"HO-15925","Hernando Orellana","Cliente"
"HO-17500","Haydee Ortega","Cliente"
"HP-15250","Homero Paredes","Cliente"
"HP-15355","Herminia Páez","Cliente"
"HP-15385","Homero Paredes","Cliente"
"HQ-21475","Hortensia Quiñones","Pequeña empresa"
"HR-11575","Herendiara Rico","Empresa"
"HR-14830","Óscar Armendáriz","Empresa"
"HS-12175","Higinio Suárez","Empresa"
"HS-17830","Héctor Salcido","Cliente"
"HT-11935","Hugo Tomás","Cliente"
"HT-15115","Humberto Torres","Cliente"
"HU-19810","Héctor Urías","Pequeña empresa"
"HV-11950","Heriberto Valderas","Cliente"
"HV-21385","Horacio Valverde","Pequeña empresa"
"IA-18490","Inocencio Arce","Pequeña empresa"
"IA-20935","Israel Alcaraz","Cliente"
"IB-16015","Iris Barena","Cliente"
"IB-16810","Isabel Bermúdez","Cliente"
"IB-17035","Isaac Barajas","Empresa"
"IC-11380","Inés Calvillo","Empresa"
"IC-14305","Iris Campos","Cliente"
"IC-16180","Isaac Cazares","Cliente"
"IC-18310","Ingrid Calvillo","Pequeña empresa"
"IC-19135","Isabel Coronado","Pequeña empresa"
"IC-20365","Iris Casares","Cliente"
"ID-19315","Irati Domínguez","Cliente"
"IE-10675","Inmaculada Escobar","Cliente"
"IG-11530","Iván Girón","Pequeña empresa"
"IG-17425","Isolda Guardado","Empresa"
"IL-10900","Isaac Leyva","Cliente"
"IL-10915","Ignacio Lobato","Cliente"
"IL-11185","Isolda Lucero","Empresa"
"IL-12085","Ivonne Laureano","Empresa"
"IL-12895","Ignacio Liébanas","Cliente"
"IM-10465","Isidoro Muñoz","Cliente"
"IM-19015","Isidora Martín","Cliente"
"IO-18475","Imanol Orellana","Pequeña empresa"
"IR-10690","Isaías Rosales","Empresa"
"IR-14725","Irati Rodríguez","Cliente"
"IR-14755","Ida Ramos","Cliente"
"IR-15745","Irma Rubalcaba","Cliente"
"IS-12685","Isidoro Salas","Cliente"
"IS-18340","Isaac Sarabia","Cliente"
"IS-18460","Izaskun Sosa","Empresa"
"IS-19345","Isaías Sarabia","Empresa"
"IV-10990","Irene Verdes","Empresa"
"IV-15730","Iván Valle","Cliente"
"JA-11965","Julieta Almanza","Empresa"
"JA-15805","Joaquín Apodaca","Empresa"
"JA-20620","Jazmín Aguirre","Empresa"
"JA-21670","Joshua Altamirano","Cliente"
"JB-12595","Jennifer Botello","Cliente"
"JB-14890","Josefa Bueno","Empresa"
"JC-13810","Jairo Castelo","Empresa"
"JC-17560","Julio César Torres","Pequeña empresa"
"JC-19975","Josefina Cruz","Empresa"
"JC-21535","Julio Corral","Pequeña empresa"
"JD-12235","Justo Díaz","Cliente"
"JD-16450","Josué Delgado","Empresa"
"JG-11665","Juanita Guzmán","Cliente"
"JG-12640","Juno Guerrero","Cliente"
"JH-15880","José Hernández","Cliente"
"JL-15325","José Luís Canales","Empresa"
"JM-10135","Joaquina Meraz","Pequeña empresa"
"JM-12880","Juana Madera","Empresa"
"JM-13495","Jorge Montero","Empresa"
"JM-18535","Jeremías Montés","Empresa"
"JO-18610","Jeremías Orozco","Empresa"
"JP-15205","Julia Paredes","Cliente"
"JR-11545","Jon Rascón","Empresa"
"JR-15565","Judit Rodríguez","Cliente"
"JS-18985","Jorge Saucedo","Pequeña empresa"
"JS-20320","Josué Solórzano","Pequeña empresa"
"JS-20710","José Sánchez","Pequeña empresa"
"JS-21490","Joaquín Saenz","Cliente"
"JT-10435","Jairo Tovar","Pequeña empresa"
"JT-19470","Jonás Toro","Pequeña empresa"
"JU-17515","Justa Uribe","Empresa"
"JU-19405","Jessica Ulloa","Cliente"
"JV-17455","Justina Vaca","Cliente"
"JZ-21355","Juana Zaragoza","Empresa"
"KA-10615","Karmele Andante","Empresa"
"KA-14485","Kevin Alejandro","Empresa"
"KA-16090","Kristopher Altamira","Cliente"
"KA-16705","Kristina Arroyo","Pequeña empresa"
"KB-21310","Koldo Bernal","Cliente"
"KC-10105","Karina Cruz","Cliente"
"KC-18700","Karmele Carbajal","Cliente"
"KD-18175","Katia Díaz","Pequeña empresa"
"KL-12265","Kevin Lucio","Cliente"
"KM-16225","Óscar Alba","Empresa"
"KM-17755","Katia Montalvo","Pequeña empresa"
"KN-16390","Ángel Prieto","Empresa"
"KP-11335","Katia Pino","Pequeña empresa"
"KP-13585","Karina Padilla","Empresa"
"KP-14080","Karen Partida","Empresa"
"KS-12340","Karina Suárez","Empresa"
"KV-16255","Karim Valdés","Empresa"
"KV-21640","Kevin Vera","Cliente"
"LA-11275","Luciano Alonzo","Empresa"
"LA-13030","Lea Arroyo","Pequeña empresa"
"LA-14800","Loyola Alba","Empresa"
"LA-17785","Lorena Aguayo","Empresa"
"LA-20740","Leopoldo Archuleta","Pequeña empresa"
"LA-21835","Leandro Armendáriz","Cliente"
"LB-11035","Luisa Benítez","Cliente"
"LB-14995","León Batista","Cliente"
"LB-17575","Lázaro Bernal","Cliente"
"LB-17650","Luciano Bernal","Pequeña empresa"
"LB-18505","Laia Batista","Cliente"
"LB-20785","Livia Banda","Cliente"
"LC-10870","Leticia Castillo","Cliente"
"LC-13480","León Caballero","Pequeña empresa"
"LC-16300","Lola Cavazos","Empresa"
"LC-16510","Lara Cantú","Cliente"
"LC-17935","Lola Crespo","Cliente"
"LC-19615","Lorena Corral","Cliente"
"LC-19720","Loreto Cepeda","Cliente"
"LD-20590","Luna Delgado","Cliente"
"LE-18715","Lupe Escalante","Empresa"
"LF-20155","Leticia Flórez","Pequeña empresa"
"LG-13390","Leo Gutiérrez","Pequeña empresa"
"LG-15145","Leonor Gómez","Empresa"
"LG-17605","Lorena Garay","Empresa"
"LG-21700","Lorenzo Garrido","Pequeña empresa"
"LL-13930","Lidia Laureano","Cliente"
"LL-21160","Luisa Liébanas","Empresa"
"LM-11620","Laura Meza","Cliente"
"LM-16120","Lucas Méndez","Pequeña empresa"
"LM-18435","Lorenzo Mata","Cliente"
"LM-18655","Lucrecia Maldonado","Empresa"
"LN-10405","Lucas Nazario","Empresa"
"LO-11170","Leonardo Olmos","Pequeña empresa"
"LP-15520","Laura Prieto","Cliente"
"LP-18265","Lía Pabón","Cliente"
"LP-18925","Lara Porras","Pequeña empresa"
"LR-13375","Lope Rodríguez","Cliente"
"LS-10180","Laia Santillán","Pequeña empresa"
"LS-14230","Luciano Solórzano","Empresa"
"LS-15985","Luciano Sosa","Cliente"
"LS-16945","Lina Sevilla","Empresa"
"LS-21010","Luján Salinas","Cliente"
"LT-15295","Luís Tejada","Cliente"
"LV-10240","Lidia Villaseñor","Cliente"
"LV-14320","Luís Velázquez","Cliente"
"LV-15175","Luján Valdés","Pequeña empresa"
"LV-17185","Lara Varela","Cliente"
"LV-17905","Lucía Villa","Empresa"
"LV-20170","Leire Velázquez","Cliente"
"LV-20770","Lourdes Villegas","Empresa"
"MA-12145","Manuela Armenta","Cliente"
"MA-12790","María Acosta","Pequeña empresa"
"MA-14500","Matilde Alvarado","Cliente"
"MA-14785","Mafalda Alvarado","Pequeña empresa"
"MA-17095","Melania Acevedo","Cliente"
"MA-18040","Marga Alcántara","Empresa"
"MA-18520","Mirna Aparicio","Cliente"
"MA-19480","Miguelina Agosto","Cliente"
"MA-20455","Mariano Alejandro","Cliente"
"MB-11050","Millán Becerra","Empresa"
"MB-13675","Mora Borrego","Pequeña empresa"
"MC-12775","Mirna Callas","Cliente"
"MC-13465","Marisa Cantudo","Cliente"
"MC-17125","Marcel Corral","Cliente"
"MC-17170","Miguel Curiel","Empresa"
"MC-18640","Maro Castro","Empresa"
"MC-19375","Mauro Cortés","Cliente"
"MC-20065","Miguel Chapa","Cliente"
"MC-20650","Matilda Carbajal","Empresa"
"MF-11140","Manuela Flores","Cliente"
"MF-11800","Magdalena Farías","Pequeña empresa"
"MF-20125","Marlén Farías","Pequeña empresa"
"MG-13135","Mónica Granados","Cliente"
"MG-14635","Miren Gil","Empresa"
"MG-17680","Maite Girón","Pequeña empresa"
"MG-19030","Mireia Garay","Empresa"
"MG-20395","Máximo Guzmán","Cliente"
"ML-12820","Melanio Lerma","Pequeña empresa"
"ML-14140","Moisés Lucio","Pequeña empresa"
"ML-15715","Marcos Laureano","Cliente"
"MM-10150","Maciela Mata","Cliente"
"MM-10165","Marta Manzanares","Cliente"
"MM-10945","Melis Montes","Cliente"
"MM-11065","Maricruz Matos","Cliente"
"MM-13780","Marina Marrero","Cliente"
"MM-17005","Maya Méndez","Cliente"
"MM-19705","Maximiliano Méndez","Pequeña empresa"
"MN-15835","Macarena Nava","Cliente"
"MO-11650","Margarita Orellana","Empresa"
"MO-21085","Melisa Olivo","Cliente"
"MP-18805","Mónica Pelayo","Pequeña empresa"
"MQ-21265","Modesto Quiñones","Empresa"
"MR-14530","Manila Roque","Empresa"
"MR-16345","Mateo Rodríguez","Cliente"
"MR-17875","Mafalda Rojo","Pequeña empresa"
"MR-19765","Millán Rubio","Empresa"
"MR-20635","Marc Romo","Empresa"
"MR-21565","Melinda Ramos","Empresa"
"MR-21850","Maribel Ríos","Cliente"
"MS-13330","Mateo Salazar","Cliente"
"MS-17845","Marcial Sandoval","Cliente"
"MS-21460","Mauricio Salgado","Pequeña empresa"
"MT-14395","Maya Tapia","Empresa"
"MT-17695","Marta Tovar","Cliente"
"MT-19525","Maira Trejo","Empresa"
"MT-19900","Maya Tafoya","Cliente"
"MU-17740","Montano Uribarri","Cliente"
"MV-14740","Marc Vallejo","Empresa"
"MV-16375","Malena Viera","Pequeña empresa"
"MV-19600","Marcial Valdés","Cliente"
"NA-11395","Nicole Argüello","Empresa"
"NA-13510","Nora Arroyo","Empresa"
"NA-16855","Natasha Arévalo","Empresa"
"NA-17815","Norma Alemán","Cliente"
"NB-20230","Nadia Badillo","Empresa"
"NC-10660","Natividad Collazo","Cliente"
"NC-14650","Nerea Colunga","Empresa"
"NC-15595","Nadia Calderón","Empresa"
"NE-16825","Nadal Escalante","Empresa"
"NF-18385","Katia Ávila","Cliente"
"NG-20515","Noemí González","Pequeña empresa"
"NH-12730","Neftalí Herrera","Cliente"
"NJ-10210","Nilo Jaime","Cliente"
"NJ-19060","Nieves Jasón","Pequeña empresa"
"NL-10720","Naiara Laboy","Pequeña empresa"
"NL-12835","Noa León","Empresa"
"NL-12940","Nelson Limón","Pequeña empresa"
"NL-18415","Núria Laureano","Cliente"
"NL-21070","Nuncio Lugo","Cliente"
"NM-11095","Nicolás Matías","Empresa"
"NM-12250","Nidia Mena","Empresa"
"NM-13825","Noé Martínez","Empresa"
"NM-17725","Nino Mata","Cliente"
"NM-18070","Néstor Mena","Pequeña empresa"
"NP-13195","Natalia Paredes","Empresa"
"NP-15790","Nuri Pizarro","Cliente"
"NP-16165","Natalia Pulido","Empresa"
"NP-19045","Nina Pérez","Pequeña empresa"
"NP-19090","Normán Pedrosa","Cliente"
"NQ-13870","Nadal Quiñones","Cliente"
"NR-12505","Nieves Robles","Cliente"
"NS-15475","Noelia Salas","Cliente"
"NV-15100","Normán Venegas","Cliente"
"NV-21130","Narciso Vallés","Cliente"
"OB-16150","Orestes Briones","Empresa"
"OG-12805","Oliver Galindo","Empresa"
"OG-13720","Olvido Godoy","Cliente"
"OH-18130","Olegario Holguín","Empresa"
"OL-10015","Odiseo Liébanas","Cliente"
"OL-16555","Olga Laureano","Empresa"
"OM-13240","Osmundo Montes","Pequeña empresa"
"OM-14665","Oriol Montes","Cliente"
"OM-15505","Osvaldo Montano","Cliente"
"OM-19825","Ofelia Maya","Cliente"
"OO-19885","Octavio Ocampo","Empresa"
"OP-11680","Onésimo Pagán","Cliente"
"OP-12220","Olimpia Pedraza","Cliente"
"OS-16585","Odón Santiago","Empresa"
"OT-19630","Olaya Torres","Empresa"
"PA-16465","Patricia Agosto","Cliente"
"PA-16600","Prudencio Alfaro","Empresa"
"PB-13690","Paciente Bravo","Cliente"
"PB-19105","Águeda Urbina","Cliente"
"PC-10975","Penélope Carrero","Empresa"
"PC-13765","Patrocinio Castro","Empresa"
"PC-16420","Pamela Casanova","Empresa"
"PC-18760","Plácido Calvillo","Cliente"
"PE-15955","Pura Esquivel","Cliente"
"PE-18850","Pablo Esparza","Cliente"
"PG-18820","Érica Casas","Cliente"
"PL-14425","Piero Limón","Cliente"
"PL-15895","Prudencio Luna","Empresa"
"PL-18250","Paula Lara","Empresa"
"PM-13660","Paz Montes","Cliente"
"PN-14095","Pedro Nino","Empresa"
"PO-20275","Pío Olivares","Cliente"
"PR-21685","Patricio Romo","Pequeña empresa"
"PS-12445","Piedad Sosa","Cliente"
"PS-15220","Paola Solís","Empresa"
"PS-20215","Pancho Saavedra","Cliente"
"PT-11425","Pastora Toro","Cliente"
"PV-17635","Petra Vergara","Empresa"
"PZ-14680","Paloma Zamora","Cliente"
"QC-13900","Queta Carmona","Cliente"
"QG-11725","Quintín Guajardo","Cliente"
"QG-16645","Quique Griego","Cliente"
"QM-12160","Queralt Mota","Cliente"
"QM-14845","Quinto Muñoz","Cliente"
"RA-20035","Romero Arévalo","Pequeña empresa"
"RA-20260","Raimon Acosta","Empresa"
"RB-14200","Raquel Barreto","Pequeña empresa"
"RC-10495","Rocío Chávez","Empresa"
"RC-11200","Rafaela Carvajal","Cliente"
"RC-13975","Raimon Chavarría","Empresa"
"RC-13990","Reinaldo Córdova","Cliente"
"RC-16975","Reyes Coto","Pequeña empresa"
"RD-15610","Ramiro Dávila","Empresa"
"RF-11135","Ricardo Franco","Empresa"
"RM-10600","Rafaela Marcos","Empresa"
"RM-12670","Reinaldo Mireles","Cliente"
"RM-12985","Raúl Mesa","Cliente"
"RM-13705","Rita Marín","Empresa"
"RM-16060","Rodolfo Molina","Cliente"
"RM-19555","Rocío Medina","Cliente"
"RN-18400","Rafel Nieves","Cliente"
"RO-13150","René Olivo","Empresa"
"RP-17620","Raimon Pineda","Empresa"
"RP-21925","Rafa Portillo","Cliente"
"RQ-15310","Rocío Quesada","Empresa"
"RR-10930","Roque Rivas","Pequeña empresa"
"RR-14020","Romina Roque","Cliente"
"RS-11290","Renau Saavedra","Cliente"
"RS-17980","Rebeca Segura","Empresa"
"RS-18160","Rocío Salcedo","Cliente"
"RV-11470","Rodolfo Villaseñor","Empresa"
"RV-17800","Regina Vega","Pequeña empresa"
"RZ-16915","Rafel Zarate","Cliente"
"SA-10045","Sofía Alba","Empresa"
"SA-14005","Samuel Alemán","Pequeña empresa"
"SB-11230","Samanta Botello","Cliente"
"SB-12910","Sarai Barrientos","Pequeña empresa"
"SB-13735","Sebastián Botello","Pequeña empresa"
"SB-20290","Ángel Pineda","Empresa"
"SB-20575","Susana Braza","Cliente"
"SC-14905","Salomé Castillo","Cliente"
"SC-15025","Sandra Crespo","Cliente"
"SC-18355","Salvador Calderón","Empresa"
"SC-20680","Úrsula Soto","Pequeña empresa"
"SD-20485","Ángel Chávez","Pequeña empresa"
"SE-18670","Samuel Escobar","Cliente"
"SG-14605","Serafín Girón","Cliente"
"SG-15370","Simón Gracia","Cliente"
"SG-19915","Silvia Gil","Cliente"
"SM-18955","Saúl Mendoza","Pequeña empresa"
"SN-18445","Santiago Núñez","Pequeña empresa"
"SO-12430","Sandra Orta","Pequeña empresa"
"SO-19795","Sabina Ornelas","Pequeña empresa"
"SP-12520","Silvia Pérez","Cliente"
"SP-12760","Sergio Porras","Empresa"
"SP-15640","Sabino Pérez","Pequeña empresa"
"SS-10030","Salma Soria","Empresa"
"SS-16105","Salomón Soto","Empresa"
"SS-19000","Selena Savoya","Pequeña empresa"
"TA-11605","Teodora Atencio","Cliente"
"TA-15400","Tomás Arredondo","Empresa"
"TC-15040","Tina Cardona","Cliente"
"TD-14050","Telmo Díaz","Cliente"
"TF-15070","Tacio Franco","Cliente"
"TG-15820","Tamara González","Cliente"
"TG-20500","Teo Guerrero","Cliente"
"TJ-10480","Tito Jáquez","Cliente"
"TL-10390","Teodoro Llarnas","Cliente"
"TM-19330","Tirso Marín","Cliente"
"TN-13600","Tania Naranjo","Empresa"
"TN-21040","Cintia Álvarez","Pequeña empresa"
"TO-11305","Thiago Olivares","Pequeña empresa"
"TO-11785","Teresa Olivera","Cliente"
"TO-17065","Tomás Olivera","Cliente"
"TR-10315","Tobías Ramírez","Cliente"
"TR-18565","Trinidad Rubio","Pequeña empresa"
"TS-17965","Tino Salinas","Empresa"
"TS-19660","Triana Santacruz","Pequeña empresa"
"TT-14515","Tatiana Téllez","Cliente"
"TT-17200","Thalía Torres","Empresa"
"TU-14365","Tomasa Urena","Empresa"
"TV-16615","Telma Valdomero","Empresa"
"UL-21775","Ulises Lebrón","Empresa"
"UN-18625","Uriel Nieves","Empresa"
"UP-20140","Urías Pantoja","Empresa"
"UR-11500","Unai Rubalcaba","Cliente"
"UR-21595","Unai Reynoso","Cliente"
"UV-10090","Urso Valverde","Cliente"
"VA-11350","Violeta Arnelas","Empresa"
"VA-15535","Valentina Acuna","Cliente"
"VB-10885","Virginia Baeza","Cliente"
"VC-11590","Valeria Caldera","Empresa"
"VC-15085","Vanesa Cepeda","Cliente"
"VC-18790","Viviana Cárdenas","Pequeña empresa"
"VC-20350","Viviana Cárdenas","Pequeña empresa"
"VC-20725","Virgilio Cardona","Cliente"
"VC-20995","Violeta Cruz","Cliente"
"VC-21400","Victoria Chavarría","Cliente"
"VG-20560","Violeta Galindo","Pequeña empresa"
"VH-12655","Víctor Huerta","Pequeña empresa"
"VL-19780","Vicente Leiva","Cliente"
"VM-10855","Valentina Macías","Cliente"
"VM-15775","Víctor Morales","Cliente"
"VM-21280","Valentina Méndez","Cliente"
"VO-17215","Vera Olmos","Cliente"
"VO-20245","Vanesa Olmos","Cliente"
"VP-15550","Virgilio Puertas","Pequeña empresa"
"VS-10120","Vanesa Sarabia","Pequeña empresa"
"VV-19465","Victoria Valdivia","Pequeña empresa"
"VZ-17245","Valerio Zayas","Cliente"
"WA-16195","Walter Alcaraz","Cliente"
"WL-17665","Wendy Leiva","Empresa"
"WM-21430","Wendy Morales","Empresa"
"WN-16930","Waldo Nazario","Empresa"
"WR-14935","William Roldán","Empresa"
"WV-10780","Wendi Valdés","Empresa"
"YA-13855","Yasmina Alfaro","Empresa"
"YA-15460","Yanira Acuna","Empresa"
"YP-10705","Yasir Polanco","Cliente"
"YP-20845","Yasir Pizarro","Cliente"
"YS-19360","Yolanda Saavedra","Cliente"
"YS-21145","Yolanda Saavedra","Empresa"
"YV-21370","Yago Villanueva","Empresa"
